値段,2280
価格,1968
容量,636
安い,452
満足,395
購入,367
安く,334
充電,304
の,303
手頃,257
いい,242
良い,233
問題,230
商品,193
性能,186
的,165
さ,149
割,145
こと,129
使用,129
これ,124
デザイン,121
円,114
バッテリー,111
以上,103
もの,103
手ごろ,87
十分,86
コストパフォーマンス,86
文句,83
便利,83
品質,82
相応,80
品,76
機能,75
安かっ,75
高い,75
よう,71
良かっ,70
製品,69
非常,65
ない,65
大変,64
安心,63
お買い得,63
気,62
2,61
mAh,60
よかっ,60
重宝,58
他,55
最高,55
２,54
なし,54
リーズナブル,52
やすい,51
得,51
素晴らしい,50
回,49
ところ,49
1,49
時,49
純正,47
安,47
用,47
,46
こちら,46
ケーブル,44
パ,43
大き,43
サイズ,43
物,43
なく,43
器,42
割り,42
納得,41
仕方,41
今,41
それ,40
帯,40
倍,40
使い勝手,40
性,39
10,39
ん,38
ポート,37
普通,37
大きい,35
重い,35
感じ,35
差,34
コス,34
3,34
店,34
高く,34
評価,34
よい,33
方,33
買い物,33
コンパクト,33
ため,33
GB,32
5,32
心配,32
メーカー,32
１,32
良く,32
バランス,31
保証,31
期待,31
魅力,31
そう,31
時間,30
モバイル,30
iPhone,30
わり,29
おすすめ,29
感,29
32,29
手,29
事,28
販売,28
重,28
損,28
何,28
安価,27
スペック,26
価値,26
レビュー,26
アダプター,26
出力,26
スマ,25
送料,25
通り,25
対応,25
携帯,25
見た目,25
一,25
質感,25
すごく,24
早く,24
どれ,24
やすく,23
可能,23
とも,23
(,23
4,22
３,22
オススメ,22
星,22
私,22
大きく,21
重量,21
10000,21
記念,21
作り,21
A,20
分,20
色,20
早い,20
必要,20
量販,20
アダプタ,20
可愛い,19
不具合,19
０,19
充分,19
耐久,18
利用,18
それなり,18
通常,18
電源,18
程度,18
適正,18
無い,18
良し,18
度,18
製,18
本体,17
比較,17
点,17
嬉しい,17
かわいい,17
びっくり,17
!!,17
付属,17
Amazon,16
発売,16
ヶ月,16
等,16
速度,16
笑,16
すごい,16
USB,16
一つ,16
台,16
中,16
小さく,16
持ち運び,16
本,15
申し分,15
量,15
動作,15
他社,15
多い,15
3000,15
信頼,15
良,15
不安,15
不満,15
残念,15
質,15
ライト,15
上,15
そこ,15
),15
ホ,14
設定,14
安定,14
高め,14
考慮,14
数,14
良心,14
付き,14
妥当,14
５,14
無し,14
よく,14
現在,14
期限,13
コスパ,13
クオリティ,13
共,13
カード,13
Class,13
面,13
予備,13
フル,13
あと,13
さん,12
返品,12
シンプル,12
認識,12
!,12
大丈夫,12
うれしい,12
以下,12
家電,12
自分,12
日,12
十,12
値打ち,12
コンセント,12
良品,11
最初,11
mA,11
全て,11
.,11
/,11
ありがたい,11
ＧＢ,11
半額,11
今回,11
ダメ,11
消耗,11
転売,11
AC,11
半分,11
表示,11
手軽,11
格安,11
内容,11
データ,11
すばらしい,11
2000,11
~,11
以前,10
急速,10
10400,10
込み,10
活躍,10
確認,10
クラス,10
余裕,10
半年,10
対,10
LED,10
とき,10
セール,10
正直,10
高かっ,10
驚き,10
13000,10
高性能,10
個,10
４,10
変動,10
無く,10
買い,10
買い得,10
ベスト,10
かなり,10
ほう,10
年,10
切れ,9
コード,9
悪く,9
長持ち,9
前,9
多く,9
パフォーマンス,9
cheero,9
もん,9
中国,9
位,9
リリース,9
欲しかっ,9
千,9
イイ,9
電池,9
小さい,9
所,9
二,8
絶対,8
近い,8
到着,8
悪い,8
よし,8
ブランド,8
個人,8
範囲,8
ショップ,8
G,8
Anker,8
元,8
店頭,8
正規,8
20000,8
反応,8
検討,8
外観,8
違い,8
後,8
タブレット,8
旅行,8
注文,8
仕様,8
長い,8
スピード,8
アマゾン,8
キャンペーン,8
選択,8
梱包,8
無かっ,7
人,7
重たい,7
一番,7
高,7
認証,7
相当,7
発見,7
後悔,7
同等,7
ネット,7
しょうが,7
可愛く,7
決め手,7
長,7
不便,7
スマート,7
圧倒的,7
能力,7
微妙,7
毎日,7
限定,7
500,7
市販,7
音,7
配送,7
なかっ,7
W,7
高級,7
good,7
友人,7
１つ,7
スマホ,7
一品,7
OK,7
活用,7
自体,7
間違い,7
断線,7
意味,7
大差,7
収納,7
若干,7
欲しい,7
満点,7
なに,7
使い,7
ポーチ,6
安め,6
ハズレ,6
近く,6
難点,6
3750,6
不良,6
わけ,6
クオリティー,6
しかた,6
保障,6
パソコン,6
全体,6
ケース,6
日本,6
iphone,6
マイナス,6
1000,6
最近,6
あたり,6
無料,6
プレゼント,6
SD,6
機器,6
激しい,6
理由,6
快適,6
週間,6
判断,6
みたい,6
再販,6
ここ,6
故障,6
ポイント,6
トランセンド,6
ドライブ,6
000,6
回数,6
...,6
速く,6
速い,6
実用,6
発送,6
９,6
抜群,6
２つ,6
確か,6
今後,6
場合,6
パワー,6
class,6
モデル,6
感想,6
メッセージ,6
参考,6
2780,6
3500,6
希望,5
電気,5
付,5
４つ,5
ＧＯＯＤ,5
用途,5
重く,5
軽,5
熱く,5
造り,5
皆さん,5
実現,5
おしゃれ,5
店舗,5
読み込み,5
みなさん,5
試し,5
月,5
低い,5
アップ,5
感謝,5
普段,5
7,5
ユーザー,5
形状,5
6,5
7000,5
屋,5
セット,5
代わり,5
財布,5
いま,5
安けれ,5
高品,5
8,5
タイプ,5
接続,5
安全,5
口,5
有難い,5
やすかっ,5
Apple,5
GOOD,5
期間,5
以外,5
ANKER,5
周り,5
複数,5
♪,5
長く,5
６,5
８,5
残,5
次回,5
弱,5
安物,5
目,5
レベル,5
愛用,5
バッテリ,5
大きかっ,5
最強,5
思い,5
iPad,5
二つ,5
破格,5
国産,5
両方,5
業者,5
最悪,5
力,4
状況,4
100,4
凄く,4
凄い,4
てごろ,4
長時間,4
友達,4
速,4
-,4
追加,4
奨め,4
安っぽい,4
ポケット,4
別,4
妥協,4
タン,4
転送,4
総合,4
外,4
前後,4
予定,4
繰り返し,4
鞄,4
際,4
分の,4
良好,4
初回,4
コレ,4
比,4
18,4
安かろ,4
回分,4
想像,4
安値,4
費用,4
寿命,4
少ない,4
家,4
重視,4
破損,4
記録,4
音楽,4
馬鹿,4
交換,4
正解,4
機種,4
やつ,4
無事,4
上下,4
包装,4
お世話,4
レコーダー,4
w,4
サポート,4
同期,4
2980,4
小売,4
タイム,4
ススメ,4
最適,4
電流,4
ほしい,4
機,4
優秀,4
枚,4
％,4
結局,4
外出,4
正常,4
まとも,4
トラブル,4
なん,4
不可,4
同時,4
働き,4
ﾟ,4
買得,4
少なく,4
ほか,4
説明,4
欲しく,4
スタイリッシュ,4
為,4
なか,4
軽い,4
軽く,4
梱,4
入手,4
出張,4
短い,4
特別,4
旅先,3
保存,3
軽量,3
(^^),3
意外,3
いろいろ,3
逆,3
在庫,3
高速,3
プラグ,3
m,3
ふつう,3
国内,3
パネル,3
短く,3
高騰,3
CP,3
致し方,3
安っぽく,3
車,3
永久,3
タフ,3
コスト,3
難,3
始末,3
是非,3
いつ,3
優先,3
接触,3
次第,3
なけれ,3
E,3
５つ,3
スイッチ,3
作動,3
条件,3
存在,3
たま,3
破壊,3
易い,3
様,3
通販,3
迅速,3
ＵＳＢ,3
提供,3
半信半疑,3
はるか,3
パナ,3
三つ,3
すぎ,3
不自由,3
通電,3
子供,3
急ぎ,3
現状,3
給電,3
評判,3
つけ,3
すべて,3
16,3
同様,3
金額,3
うち,3
追記,3
鳴き,3
低く,3
可愛,3
驚異,3
mart,3
好感,3
品物,3
アンカー,3
こだわり,3
７,3
状態,3
途中,3
異常,3
エレコム,3
当時,3
中華,3
嬉しかっ,3
発熱,3
マイクロ,3
早かっ,3
ばっち,3
好き,3
5000,3
出品,3
種類,3
Panasonic,3
不明,3
高額,3
やす,3
結構,3
理解,3
Lightning,3
時点,3
定価,3
出先,3
高価,3
供給,3
苦,3
手間,3
書き込み,3
つもり,3
大事,3
可,3
大きめ,3
Transcend,3
フォン,3
完了,3
許容,3
コネクタ,3
勧め,3
完全,3
出来,3
海外,3
ボッタクリ,3
つくり,3
綺麗,3
ランプ,3
ビックリ,3
類,3
顔,3
たくさん,3
割安,3
動画,3
2014,3
袋,3
会社,3
手元,3
込,3
パワフル,3
完璧,3
駄目,3
常用,3
初期,3
解決,3
大量,3
Good,3
余計,3
家族,3
上位,3
疑問,3
印象,3
パッケージ,3
不安定,3
電力,3
め,3
おまけ,3
大手,3
UP,3
必須,3
無理,3
ー,2
形,2
安っぽ,2
(*^_^*),2
+,2
ダンボーバッテリー,2
ボー,2
公式,2
タイトル,2
3200,2
バージョンアップ,2
池,2
一月,2
､,2
アイテム,2
12000,2
遊び心,2
バイ,2
現物,2
はやい,2
198,2
不調,2
Qi,2
更新,2
ドコモ,2
どっち,2
amazon,2
半端,2
訳,2
素晴らし,2
間,2
02,2
お供,2
別々,2
ww,2
コンビニ,2
格好,2
xxx,2
具合,2
大体,2
遠出,2
読み書き,2
iOS,2
実力,2
確実,2
本来,2
グッド,2
話,2
知り合い,2
34,2
人気,2
チェック,2
クリア,2
検索,2
付け所,2
私的,2
ぶん,2
お気,2
凄,2
小さかっ,2
ひとつ,2
)、,2
2500,2
イメージ,2
SDHC,2
変,2
誰,2
メモリー,2
0,2
美しい,2
Plus,2
ナイス,2
専用,2
過剰,2
仕組み,2
ｍAh,2
無用,2
不都合,2
当初,2
減,2
アホ,2
ナシ,2
易く,2
いくつ,2
買い替え,2
久々,2
失敗,2
シルバー,2
女性,2
4500,2
mah,2
効果,2
一流,2
ハイ,2
うり,2
キズ,2
防犯,2
\,2
様子,2
ポチ,2
にくい,2
513,2
ラッキー,2
群,2
つき,2
スムーズ,2
料,2
DS,2
型,2
200,2
常備,2
日常,2
anker,2
当たり,2
こいつ,2
メーカ,2
うえ,2
管理,2
らい,2
処分,2
ころ,2
アクセス,2
カート,2
電灯,2
プライム,2
感激,2
普及,2
基本,2
違和感,2
^,2
久しぶり,2
辺り,2
不相応,2
リピート,2
装備,2
楽,2
7800,2
最大,2
きれい,2
端末,2
一時,2
些細,2
荷物,2
兼ね合い,2
勝手,2
･･･。,2
アンペア,2
附属,2
自己,2
CIass,2
そのもの,2
丁寧,2
くり,2
どこ,2
両社,2
最低,2
とこ,2
僕,2
殆ど,2
色々,2
衝動,2
サービス,2
そこそこ,2
eneloop,2
遜色,2
ホント,2
丁度,2
合格,2
結果,2
怖い,2
小型,2
どおり,2
紹介,2
念,2
未知数,2
限り,2
せい,2
頻度,2
影響,2
遠征,2
鳴り,2
要領,2
競合,2
空,2
再生,2
端子,2
ノート,2
Cheero,2
四つ,2
薄,2
開始,2
b,2
ビデオカメラ,2
リピ,2
厳しい,2
CLASS,2
付け,2
粗悪,2
M,2
仕事,2
同社,2
上品,2
遭遇,2
以降,2
外れ,2
わたし,2
我慢,2
マーケットプレイス,2
嬉しく,2
でかい,2
邪魔,2
初め,2
役,2
症状,2
カバー,2
2100,2
｡,2
部分,2
受電,2
方向,2
リチウム,2
ドラレコ,2
不足,2
お願い,2
はず,2
用量,2
白,2
..,2
値,2
お気に入り,2
激,2
ＧＢclass,2
納期,2
目的,2
上出来,2
前回,2
%,2
チャージ,2
グー,2
線,2
Ｇ,2
使い捨て,2
一般,2
かわいく,2
大切,2
大分,2
表面,2
^_^,2
アップル,2
もと,2
乗り換え,2
&,2
ホワイト,2
心強い,2
サイト,2
求め,2
モノ,2
社,2
即決,2
保管,2
エラー,2
いずれ,2
段違い,2
優しく,2
巾着,2
GALAXY,2
<,2
不要,2
入荷,2
XPERIA,2
ＳＤＨＣ,2
たより,2
悪かろ,2
半,2
あちこち,2
ipod,2
ストレス,2
g,2
版,2
ありがたかっ,2
家庭,2
素敵,2
ギガ,2
1500,2
多少,2
ipad,2
処理,2
不当,2
*),2
デカイ,2
コチラ,2
6000,2
まんぞく,2
意見,2
3400,2
躊躇,2
万,2
新品,2
環境,2
増し,2
高し,2
決定,2
保証書,2
一緒,2
下位,2
終了,2
者,2
廉価,2
半値,2
秋葉原,2
ボディー,2
楽しみ,2
先,2
変換,2
お出かけ,2
楽しい,2
クリック,2
黒,2
気分,2
次,2
ハード,2
拍子,2
一言,2
使い物,2
だめ,2
据置,2
一時期,2
好評,2
・,1
悩み,1
歩,1
底値,1
じょうぶ,1
無音,1
五,1
ビール,1
コイル,1
MAX,1
投資,1
Gb,1
(￥,1
goodjob,1
郵送,1
一通り,1
；｀),1
ポ,1
工場,1
固体,1
k,1
ミニ,1
バックアップ,1
mAH,1
ド,1
録画,1
中心,1
無,1
海,1
98,1
取りあえず,1
見栄え,1
ただ,1
範疇,1
自身,1
注意,1
キャンセル,1
がた落ち,1
買物,1
規格,1
申し訳,1
バリ,1
希,1
重かっ,1
指定,1
車中,1
アイフォン,1
惜しく,1
最後,1
惜しい,1
取引,1
苦情,1
違,1
達,1
有,1
災害,1
明らか,1
しん,1
戦い,1
翌日,1
づらい,1
切り,1
応力,1
っぽい,1
前触れ,1
メタル,1
モンク,1
(^^;,1
角度,1
登場,1
保護,1
場面,1
材料,1
--,1
ホームセンター,1
10260,1
五つ,1
貴重,1
(*^^*),1
再開,1
撮影,1
スライド,1
貧弱,1
ツール,1
悪し,1
低かっ,1
バカ,1
感触,1
マヌケ,1
慎重,1
固い,1
売れ行き,1
フリー,1
7980,1
ミンチィア,1
とっさ,1
近辺,1
ボリューム,1
ピンク,1
日々,1
Galaxy,1
大会,1
ら,1
反則,1
わ,1
タッチパッド,1
対比,1
代,1
割引,1
TOSHIBA,1
安さ,1
安し,1
いくら,1
興味,1
様々,1
負け,1
スゲェ,1
コ,1
ボタン,1
ミリアンペア,1
そん,1
一部,1
ギャップ,1
やり取り,1
運,1
ヤスッ,1
手触り,1
ものすごく,1
自動車,1
寸法,1
ぎ,1
1780,1
堅い,1
必携,1
がわり,1
ツルテカ,1
9980,1
ケータイ,1
億劫,1
放置,1
インストール,1
ソケット,1
補助,1
Android,1
やばい,1
電荷,1
コンパクトドライブレコーダー,1
比例,1
05,1
くら,1
親子,1
禁物,1
ＣＨINA,1
あきらめ,1
PSE,1
DignoS,1
平日,1
com,1
連れ,1
ＢＴＴ,1
フルセット,1
ＥＸＰＥＲＩＡ,1
多め,1
~♪,1
2200,1
外国,1
ギャラクシー,1
短所,1
電車,1
シッカリ,1
感覚,1
Ａｍａｚｏｎ,1
テープ,1
原因,1
及第,1
ダンボーバージョン,1
ちり,1
冷や冷や,1
^)=,1
^)/,1
簡素,1
偽り,1
各種,1
コンセプト,1
マッチ,1
愛嬌,1
マット,1
割合,1
交渉,1
2999,1
サークル,1
公表,1
Nexus,1
ども,1
確定,1
実効,1
大,1
太,1
コ・ス・パ,1
5600,1
ワイファイルーター,1
熱,1
グット,1
やむを得ない,1
ストア,1
特価,1
宜しく,1
試,1
測定,1
復活,1
頃,1
o,1
整理,1
真面目,1
出,1
キャラ,1
かわいらしく,1
処,1
コラボ,1
記載,1
エージング,1
余分,1
標準,1
調子,1
申し立て,1
プラネックス,1
Aukey,1
投稿,1
缶,1
二の足,1
スゴイ,1
検査,1
飛行機,1
そちら,1
難しい,1
~?),1
噂,1
考え,1
簡易,1
カワ,1
判定,1
機構,1
3250,1
不可能,1
解放,1
詐欺,1
隣,1
ママ,1
発注,1
モスキートノイズ,1
参照,1
支障,1
今日,1
まま,1
6980,1
換え,1
まじ,1
無骨,1
場所,1
300,1
見やすく,1
ダンボール,1
ルーズナブル,1
上々,1
売,1
済み,1
ろう,1
バラツキ,1
上記,1
内尾,1
必修,1
素材,1
出荷,1
ほんと,1
無難,1
っ放し,1
BUFFALO,1
ルックス,1
速やか,1
アリ,1
内,1
済,1
ダサかっ,1
文鎮,1
.......,1
勉強,1
筐,1
歓迎,1
輩,1
薄けれ,1
余り,1
?),1
個口,1
メモリ,1
transend,1
アカウント,1
恐い,1
しそ,1
sd,1
すし,1
パナソニック,1
アタッチメント,1
がけ,1
くま,1
;-;)。,1
TPO,1
推奨,1
泊まり,1
ＧOOD,1
くし,1
危険,1
オーバー,1
(^^♪,1
心配り,1
テーブルタッブ,1
まちまち,1
あまり,1
799,1
繊細,1
のど,1
1130,1
全部,1
幸い,1
ゾー,1
単純,1
認定,1
冷や汗,1
15000,1
つば,1
荒い,1
急,1
1999,1
ハンパ,1
概観,1
配慮,1
東南アジア,1
たのもしく,1
一昔,1
かっこよく,1
15,1
~　,1
スムース,1
ひょっと,1
唯一,1
先輩,1
抜き差し,1
デリバリー,1
ステキ,1
こっち,1
掘り出し物,1
リクエスト,1
デメリット,1
一抹,1
Ｇｏｏｄ,1
沢山,1
世,1
オフ,1
カメラ,1
側面,1
心地,1
とおり,1
ＰＣ,1
・・プラネックス,1
生活,1
get,1
2700,1
ガンバッ,1
電圧,1
敏速,1
汎用,1
ハブ,1
ダン,1
^^;,1
措置,1
差異,1
モバイラー,1
配線,1
836,1
サバ,1
一石二鳥,1
光,1
優位,1
余力,1
20,1
相対,1
同じ,1
表記,1
多き,1
ごたえ,1
手のひら,1
FSC,1
60,1
グレード,1
簡単,1
改良,1
ブーン,1
辺,1
　　!(^^)!,1
636,1
薄く,1
低下,1
メイン,1
にくかっ,1
劇的,1
バッファ,1
発火,1
非常時,1
恐怖,1
連絡,1
要望,1
操作,1
単体,1
一致,1
半減,1
IQ,1
暴落,1
寮,1
すっごい,1
明確,1
他人,1
蓄電,1
その後,1
(^,1
cm,1
一家,1
移動,1
（≧∇≦）,1
マージン,1
無駄,1
断念,1
ダイニング,1
どちら,1
感動,1
もってこい,1
気持ち,1
かわいらし,1
適当,1
メール,1
t,1
顕著,1
欲張り,1
早,1
月末,1
維持,1
1400,1
短期間,1
補償,1
後者,1
ギリギリ,1
power,1
次期,1
画質,1
HTC,1
オトク,1
照明,1
スペア,1
まとめ買い,1
実,1
宣,1
お釣り,1
遊び,1
取扱,1
マーク,1
750,1
バージョン,1
インジケータ,1
アクセサリー,1
キャンプ,1
怒り,1
箱,1
パファーマンス,1
1800,1
媒体,1
上昇,1
諸国,1
ac,1
!!（,1
明るく,1
ミドル,1
品切れ,1
プロブレム,1
本当,1
品定め,1
ダンボーデザイン,1
重要,1
☆☆☆☆☆(,1
関係,1
純分,1
欠点,1
売り切れ,1
ばらつき,1
Fit,1
ハイビジョン,1
値引き,1
硬い,1
付近,1
アップデート,1
たまらなく,1
たまらない,1
地味,1
電化,1
近頃,1
強度,1
('-｀),1
10800,1
AnkerDirect,1
自社,1
縦,1
魅,1
不思議,1
リスト,1
ノイズ,1
好み,1
ドライブレコーダ,1
相等,1
長期,1
非の打ち所,1
900,1
定か,1
点数,1
歴然,1
コネクター,1
向き,1
差し込み,1
時代,1
なみ,1
1900,1
なり手,1
ごつい,1
おかげ,1
phone,1
けっこう,1
ジーパン,1
♪　,1
薄型,1
♪「,1
･･･,1
道中,1
本家,1
手配,1
騒ぎ,1
絶妙,1
~！,1
リチウムイオンバッテリー,1
光沢,1
ターチャン,1
遠し,1
難い,1
fr,1
チップ,1
具合い,1
火事,1
不問,1
心,1
配達,1
1300,1
随所,1
ハイパワーアダプタ,1
中学生,1
21,1
PLUS,1
組,1
使い分け,1
キープ,1
仕上げ,1
micro,1
相談,1
テンション,1
Ｎｅｔ,1
ゲージ,1
やさしい,1
世代,1
自慢,1
マル,1
巻き,1
大幅,1
よろしい,1
いし,1
デカ,1
デジタルオーディオプレーヤー,1
デス,1
韓国,1
徳,1
同月,1
事態,1
云々,1
9400,1
バイト,1
口数,1
白い,1
内蔵,1
ロス,1
ＩＣ,1
カ月,1
ていざ,1
ライトニングコネクター,1
スザマジイ,1
Power,1
会,1
ぴったり,1
大半,1
大人げ,1
64,1
小,1
72,1
ブラック,1
('；,1
タップ,1
焦げ臭い,1
箇所,1
テーブル,1
完成,1
シール,1
はたらき,1
シュチュエーション,1
取り合い,1
ビジネス,1
代り,1
替え,1
懐疑,1
(^^;),1
AMAZON,1
特徴,1
紛失,1
ウソ,1
暑,1
要因,1
x,1
とてつもない,1
MFI,1
上質,1
経験,1
コストダウン,1
競争,1
前提,1
指標,1
ピンク色,1
税,1
信用,1
制約,1
じゃっか,1
ﾝｰ,1
)!,1
スマホサイズ,1
)',1
トランセント,1
書き,1
よ,1
乾電池,1
カバン,1
ソーラー,1
学生,1
修理,1
(￣▽￣),1
Chromecast,1
モバイルチャージャー,1
おもちゃ,1
チョッピリ,1
ショボイ,1
版権,1
旧い,1
(;^_^,1
--　★★★★★,1
級,1
panasonic,1
素,1
法外,1
達成,1
ｍＡ,1
microSD,1
細,1
9,1
昨日,1
見かけ,1
コストパフォーンマンス,1
'):,1
厚み,1
製造,1
PowerIQ,1
返金,1
息子,1
情報,1
てには,1
apple,1
ベンチ,1
緊急,1
買,1
Astro,1
貧,1
sdhctaioo,1
味気,1
個体,1
カスタマーサービス,1
ファン,1
変形,1
d,1
IPhone,1
メリット,1
エコ,1
OS,1
不人気,1
亮一,1
調達,1
薄かっ,1
(-&#,1
チープ,1
Walkman,1
記事,1
太陽光,1
嫁,1
ユーザ,1
現役,1
モバブー,1
向上,1
事象,1
はで,1
百,1
モバブ,1
精度,1
甘い,1
甘く,1
お金,1
例,1
ボイスレコーダ,1
回路,1
悪かっ,1
キレイ,1
口コミ,1
類似,1
チャチ,1
書,1
~！！,1
負担,1
あれ,1
少なかっ,1
就寝,1
iPone,1
ウォッチミー,1
原色,1
工夫,1
･･･",1
割高,1
長旅,1
転換,1
我家,1
写真,1
モニター,1
べらぼう,1
ELECOM,1
クッション,1
判明,1
小さめ,1
コメント,1
面倒,1
回収,1
アンビリバボ,1
着荷,1
強,1
ウハウハ,1
待ち遠しい,1
機会,1
電器,1
カラバリ,1
ならでは,1
玉,1
だて,1
パホーマンス,1
ワン,1
半日,1
うるさい,1
大型,1
調査,1
アプリ,1
出自,1
鈍い,1
Nice,1
珍しく,1
.）,1
可愛かっ,1
!?…,1
筆,1
目安,1
ファイル,1
ダンボータイプ,1
折,1
択,1
自作,1
現時点,1
あて,1
春,1
windowsTablet,1
昔,1
匹敵,1
アウト,1
お守り,1
135,1
被覆,1
事件,1
ｇｏｏｄ,1
位置づけ,1
対策,1
2012,1
辟易,1
引け,1
プレミア,1
アフターサービス,1
新型,1
|,1
並み,1
ダンボーモデル,1
げんなり,1
調歩,1
NEXUS,1
有り難い,1
告知,1
無茶,1
外装,1
曰く,1
ソフト,1
5400,1
キュウキュウ,1
ざいですそれに,1
ひと,1
御薦め,1
ジャンル,1
ｗｗｗ,1
判別,1
microSDHC,1
ビニール,1
熟成,1
優越,1
~。,1
晴,1
上等,1
番,1
トレンド,1
直販,1
Xperia,1
4000,1
消灯,1
気軽,1
おさらば,1
ツーリング,1
準備,1
用品,1
パーセント,1
自宅,1
笑顔,1
Docomo,1
かっこいい,1
併用,1
挿入,1
散策,1
ヒマ,1
コラボデザイン,1
イマイチ,1
落ち,1
ほし,1
ｃｍ,1
夢,1
メロット,1
999,1
需要,1
かた,1
実物,1
望ましい,1
かな,1
本日,1
剛性,1
マニア,1
ガタ落ち,1
データ通信,1
ぱ,1
いっぱい,1
モバイルルーター,1
ファイク,1
げ,1
ページ,1
PL,1
キット,1
ほしかっ,1
手の物,1
湯量,1
払い下げ,1
iPod,1
日帰り,1
Design,1
化,1
(≧∇≦),1
今中,1
後押し,1
2800,1
600,1
自動的,1
めちゃくちゃ,1
程,1
我,1
>,1
強く,1
1350,1
強い,1
永く,1
相性,1
細かく,1
強み,1
保険,1
総評,1
短時間,1
皆,1
防水,1
娘,1
布製,1
むき出し,1
近所,1
コストパフォマンス,1
なが,1
賞賛,1
劣化,1
想定,1
覚悟,1
ios,1
会合,1
町,1
据え置き,1
i,1
平均,1
めちゃめちゃ,1
Ａｎｄｒｏｉｄ,1
結論,1
使い方,1
継続,1
クレーム,1
通信,1
4700,1
T,1
短め,1
980,1
Great,1
110,1
家人,1
カナリ,1
皆様,1
?,1
軍配,1
ソフトバンク,1
Kindle,1
目通し,1
体格,1
有名ブランド,1
!?,1
エネループ,1
手持ち,1
buy,1
豊富,1
astro,1
品薄,1
僅差,1
用意,1
防止,1
固かっ,1
幅,1
雑,1
---,1
ＤＶ,1
MSD,1
40,1
共用,1
他所,1
可変,1
イン,1
カスタマー,1
冒険,1
ＬＥＤ,1
破棄,1
',1
